asset_id	purpose	origin	source	date	source_sha256	dependencies	units	license_evidence	cost_account	use_modify_redistribute	attribution	fidelity	public_handling	open_items
FACTORY	60x44m七区核心、西侧供料带、受控交叉与标识	ORIGINAL	SELF:sim/isaac/scene/usd_scene.py	2026-10-03	9e7a84caf010abbf2aea3cea4201325fb329a9a2affe73c43f5337b49cc2dec9	existing Isaac/OpenUSD APIs; no external mesh/texture/font	m; Z-up; kg	LICENSE (existing MIT)	no new asset purchase/account	yes/yes/yes for original code	retain repository MIT notice	original_visual_and_collision	source and unedited rendered screenshots	synthetic geometry; engineering evidence unresolved
MODULE	钢框架与B-FL/B-EN/B-WT/B-ME/B-FI/B-PR及SR-W2	ORIGINAL	SELF:sim/isaac/scene/usd_scene.py	2026-10-03	9e7a84caf010abbf2aea3cea4201325fb329a9a2affe73c43f5337b49cc2dec9	existing Isaac/OpenUSD APIs; no external mesh/texture/font	m; Z-up; kg	LICENSE (existing MIT)	no new asset purchase/account	yes/yes/yes for original code	retain repository MIT notice	original_layered_visual_and_occupancy	source and unedited rendered screenshots	synthetic geometry; engineering evidence unresolved
PEOPLE	15名具名人员简化外观及胶囊	ORIGINAL	SELF:sim/isaac/scene/usd_scene.py	2026-10-03	9e7a84caf010abbf2aea3cea4201325fb329a9a2affe73c43f5337b49cc2dec9	existing Isaac/OpenUSD APIs; no external mesh/texture/font	m; Z-up; kg	LICENSE (existing MIT)	no new asset purchase/account	yes/yes/yes for original code	retain repository MIT notice	original_visual_and_collision	source and unedited rendered screenshots	synthetic geometry; engineering evidence unresolved
CUT1	普通切割设备	ORIGINAL	SELF:sim/isaac/scene/usd_scene.py	2026-10-03	9e7a84caf010abbf2aea3cea4201325fb329a9a2affe73c43f5337b49cc2dec9	existing Isaac/OpenUSD APIs; no external mesh/texture/font	m; Z-up; kg	LICENSE (existing MIT)	no new asset purchase/account	yes/yes/yes for original code	retain repository MIT notice	original_visual	source and unedited rendered screenshots	synthetic geometry; engineering evidence unresolved
WELD1	唯一人工焊接系统	ORIGINAL	SELF:sim/isaac/scene/usd_scene.py	2026-10-03	9e7a84caf010abbf2aea3cea4201325fb329a9a2affe73c43f5337b49cc2dec9	existing Isaac/OpenUSD APIs; no external mesh/texture/font	m; Z-up; kg	LICENSE (existing MIT)	no new asset purchase/account	yes/yes/yes for original code	retain repository MIT notice	original_visual	source and unedited rendered screenshots	synthetic geometry; engineering evidence unresolved
R1	六轴研究机械臂、控制器、独立配套电源与TCP	ORIGINAL	SELF:sim/isaac/scene/usd_scene.py	2026-10-03	9e7a84caf010abbf2aea3cea4201325fb329a9a2affe73c43f5337b49cc2dec9	existing Isaac/OpenUSD APIs; no external mesh/texture/font	m; Z-up; kg	LICENSE (existing MIT)	no new asset purchase/account	yes/yes/yes for original code	retain repository MIT notice	original_kinematic	source and unedited rendered screenshots	synthetic geometry; engineering evidence unresolved
HST1	组件搬运功能包络；机械形式未知	ORIGINAL	SELF:sim/isaac/scene/usd_scene.py	2026-10-03	9e7a84caf010abbf2aea3cea4201325fb329a9a2affe73c43f5337b49cc2dec9	existing Isaac/OpenUSD APIs; no external mesh/texture/font	m; Z-up; kg	LICENSE (existing MIT)	no new asset purchase/account	yes/yes/yes for original code	retain repository MIT notice	original_kinematic	source and unedited rendered screenshots	synthetic geometry; engineering evidence unresolved
CR1	轨道龙门吊、三轴机构和吊具	ORIGINAL	SELF:sim/isaac/scene/usd_scene.py	2026-10-03	9e7a84caf010abbf2aea3cea4201325fb329a9a2affe73c43f5337b49cc2dec9	existing Isaac/OpenUSD APIs; no external mesh/texture/font	m; Z-up; kg	LICENSE (existing MIT)	no new asset purchase/account	yes/yes/yes for original code	retain repository MIT notice	original_kinematic	source and unedited rendered screenshots	synthetic geometry; engineering evidence unresolved
TEST1	共享检测设备组	ORIGINAL	SELF:sim/isaac/scene/usd_scene.py	2026-10-03	9e7a84caf010abbf2aea3cea4201325fb329a9a2affe73c43f5337b49cc2dec9	existing Isaac/OpenUSD APIs; no external mesh/texture/font	m; Z-up; kg	LICENSE (existing MIT)	no new asset purchase/account	yes/yes/yes for original code	retain repository MIT notice	original_visual	source and unedited rendered screenshots	synthetic geometry; engineering evidence unresolved
FIXTURES	FIX-J2与FIX-J3单一工装资源	ORIGINAL	SELF:sim/isaac/scene/usd_scene.py	2026-10-03	9e7a84caf010abbf2aea3cea4201325fb329a9a2affe73c43f5337b49cc2dec9	existing Isaac/OpenUSD APIs; no external mesh/texture/font	m; Z-up; kg	LICENSE (existing MIT)	no new asset purchase/account	yes/yes/yes for original code	retain repository MIT notice	original_visual_and_collision	source and unedited rendered screenshots	synthetic geometry; engineering evidence unresolved
MATERIALS_FONT	自有材质参数与位图字形网格，无外部贴图或字体	ORIGINAL	SELF:sim/isaac/scene/usd_scene.py	2026-10-03	9e7a84caf010abbf2aea3cea4201325fb329a9a2affe73c43f5337b49cc2dec9	existing Isaac/OpenUSD APIs; no external mesh/texture/font	m; Z-up; kg	LICENSE (existing MIT)	no new asset purchase/account	yes/yes/yes for original code	retain repository MIT notice	original_visual	source and unedited rendered screenshots	synthetic geometry; engineering evidence unresolved
SUPPLY	原创料架/长料/板材/MEP/退料与PRE交接	ORIGINAL	SELF:sim/isaac/scene/usd_scene.py	2026-10-03	9e7a84caf010abbf2aea3cea4201325fb329a9a2affe73c43f5337b49cc2dec9	existing Isaac/OpenUSD APIs; no external mesh/texture/font	m; Z-up; kg	LICENSE (existing MIT)	no new asset purchase/account	yes/yes/yes for original code	retain repository MIT notice	original_scene_reservation	source and unedited rendered screenshots	No inventory semantics or new production resource capacity
SCN-PRODUCT-2	第二产品足尺寸空间见证，非新增生产配置	ORIGINAL	SELF:sim/isaac/scene/trial_scene.py	2026-10-03	af842a5876091816fce2d525d055f01e0b638dda47384d09b35b5ca715bf0240	existing Isaac/OpenUSD APIs; no external mesh/texture/font	m; Z-up; kg	LICENSE (existing MIT)	no new asset purchase/account	yes/yes/yes for original code	retain repository MIT notice	original_scene_reservation	source and unedited rendered screenshots	No inventory semantics or new production resource capacity
TARGET-DEVICES	r5原创固定焊接站/主吊/站驾叉运/推车/检测车/具名人员	ORIGINAL	SELF:sim/isaac/scene/target_scene.py	2026-10-03	d9c38e6612255f715af519583bd79be856abe91d38af102f89ae04b4070475b9	existing Isaac/OpenUSD APIs; no external mesh/texture/font	m; Z-up; kg	LICENSE (existing MIT)	no new asset purchase/account	yes/yes/yes for original code	retain repository MIT notice	original_scene_reservation	source and unedited rendered screenshots	SCENE_ONLY/TARGET_LAYOUT; no production resources/events; synthetic geometry and capacities
TARGET-LAYOUT	r5原创60x44布局/支承/通道/两个成品槽及接口	ORIGINAL	SELF:sim/isaac/scene/target_layout.py	2026-10-03	50b1d514a67b204784c959bc9a89fb3914d23f8d425d23ca61de32d56df7412a	existing Isaac/OpenUSD APIs; no external mesh/texture/font	m; Z-up; kg	LICENSE (existing MIT)	no new asset purchase/account	yes/yes/yes for original code	retain repository MIT notice	original_scene_reservation	source and unedited rendered screenshots	SCENE_ONLY/TARGET_LAYOUT; no production resources/events; synthetic geometry and capacities
TARGET-TRIALS	r5原创四组连续动作及三产品场景状态	ORIGINAL	SELF:sim/isaac/scene/target_trials.py	2026-10-03	4b63142582b6c95d4ffdc44d4f4b2b9e233bc10637a7658802af2c6ba20fd30c	existing Isaac/OpenUSD APIs; no external mesh/texture/font	m; Z-up; kg	LICENSE (existing MIT)	no new asset purchase/account	yes/yes/yes for original code	retain repository MIT notice	original_scene_reservation	source and unedited rendered screenshots	SCENE_ONLY/TARGET_LAYOUT; no production resources/events; synthetic geometry and capacities
