id	source_world	target_world	points_world	size_m	mass_t	carrier	operator	receiver	status	distance_m	production_qualification	kind	support
S01	[6,7,0.8]	[6,14,0.8]	[[6,7,0.8],[6,7,1.05],[11,7,1.05],[11,14,1.05],[6,14,1.05],[6,14,0.8]]	[2.8,0.8,0.2]	0.06	SCN-FORK-01	P1	QA1	PASS_GEOMETRY_ONLY	17.5	UNKNOWN	LOADED	TWIN_FORKS
S01-EMPTY_RETURN	[6,12.2,0]	[6,5.2,0]	[[6,12.2,0],[6,12.2,0],[11,12.2,0],[11,5.2,0],[6,5.2,0],[6,5.2,0]]	[1.5,2.6,2.5]	0	SCN-FORK-01	P1	QA1	PASS_GEOMETRY_ONLY	17.0	UNKNOWN	EMPTY_RETURN	SUPPORT_RETRACTED_BEFORE_RETURN
S02	[6,14,0.8]	[15,7.5,0.8]	[[6,14,0.8],[6,14,1.05],[11,14,1.05],[11,7.5,1.05],[15,7.5,1.05],[15,7.5,0.8]]	[2.8,0.8,0.2]	0.06	SCN-FORK-01	P1	W1	PASS_GEOMETRY_ONLY	16.0	UNKNOWN	LOADED	TWIN_FORKS
S02-EMPTY_RETURN	[15,5.7,0]	[6,12.2,0]	[[15,5.7,0],[15,5.7,0],[11,5.7,0],[11,12.2,0],[6,12.2,0],[6,12.2,0]]	[1.5,2.6,2.5]	0	SCN-FORK-01	P1	W1	PASS_GEOMETRY_ONLY	15.5	UNKNOWN	EMPTY_RETURN	SUPPORT_RETRACTED_BEFORE_RETURN
S03	[15,7.5,0.8]	[20,12,0.8]	[[15,7.5,0.8],[15,7.5,1.05],[20,7.5,1.05],[20,12,1.05],[20,12,0.8]]	[2.8,0.8,0.2]	0.06	SCN-FORK-01	P1	W1	PASS_GEOMETRY_ONLY	10.0	UNKNOWN	LOADED	TWIN_FORKS
S03-EMPTY_RETURN	[20,10.2,0]	[15,5.7,0]	[[20,10.2,0],[20,10.2,0],[20,5.7,0],[15,5.7,0],[15,5.7,0]]	[1.5,2.6,2.5]	0	SCN-FORK-01	P1	W1	PASS_GEOMETRY_ONLY	9.5	UNKNOWN	EMPTY_RETURN	SUPPORT_RETRACTED_BEFORE_RETURN
S04	[20,12,0.8]	[30,12,0.6]	[[20,12,0.8],[20,12,4.1],[30,12,4.1],[30,12,4.1],[30,12,0.6]]	[2.8,0.8,0.2]	0.06	CR1	Lop	W1	PASS_GEOMETRY_ONLY	16.8	UNKNOWN	LOADED	ADJUSTABLE_SLINGS
S04-EMPTY_APPROACH	[30,18,8]	[20,12,1.6]	[[30,18,8],[20,18,8],[20,12,8],[20,12,1.6]]	[2.8,0.8,0.8]	1	CR1	Lop	W1	PASS_GEOMETRY_ONLY	22.4	UNKNOWN	EMPTY_APPROACH	EMPTY_RIG
S04-EMPTY_RETURN	[30,12,1.4]	[30,18,8]	[[30,12,1.4],[30,12,8],[30,12,8],[30,18,8]]	[2.8,0.8,0.8]	1	CR1	Lop	W1	PASS_GEOMETRY_ONLY	12.6	UNKNOWN	EMPTY_RETURN	EMPTY_RIG
C01	[20,12,0.8]	[30,12,0.6]	[[20,12,0.8],[20,12,4.1],[30,12,4.1],[30,12,4.1],[30,12,0.6]]	[6,3,0.2]	1.2	CR1	Lop	W1	PASS_GEOMETRY_ONLY	16.8	UNKNOWN	LOADED	ADJUSTABLE_SLINGS
C01-EMPTY_APPROACH	[30,18,8]	[20,12,1.6]	[[30,18,8],[20,18,8],[20,12,8],[20,12,1.6]]	[6,3,0.8]	1	CR1	Lop	W1	PASS_GEOMETRY_ONLY	22.4	UNKNOWN	EMPTY_APPROACH	EMPTY_RIG
C01-EMPTY_RETURN	[30,12,1.4]	[30,18,8]	[[30,12,1.4],[30,12,8],[30,12,8],[30,18,8]]	[6,3,0.8]	1	CR1	Lop	W1	PASS_GEOMETRY_ONLY	12.6	UNKNOWN	EMPTY_RETURN	EMPTY_RIG
C02	[30,12,0.6]	[40,12,0.6]	[[30,12,0.6],[30,12,4.1],[40,12,4.1],[40,12,4.1],[40,12,0.6]]	[6,3,0.2]	1.2	CR1	Lop	W2	PASS_GEOMETRY_ONLY	17.0	UNKNOWN	LOADED	ADJUSTABLE_SLINGS
C02-EMPTY_APPROACH	[30,18,8]	[30,12,1.4]	[[30,18,8],[30,18,8],[30,12,8],[30,12,1.4]]	[6,3,0.8]	1	CR1	Lop	W2	PASS_GEOMETRY_ONLY	12.6	UNKNOWN	EMPTY_APPROACH	EMPTY_RIG
C02-EMPTY_RETURN	[40,12,1.4]	[30,18,8]	[[40,12,1.4],[40,12,8],[30,12,8],[30,18,8]]	[6,3,0.8]	1	CR1	Lop	W2	PASS_GEOMETRY_ONLY	22.6	UNKNOWN	EMPTY_RETURN	EMPTY_RIG
C03	[40,12,0.6]	[50,12,0.6]	[[40,12,0.6],[40,12,4.1],[50,12,4.1],[50,12,4.1],[50,12,0.6]]	[6,3,0.2]	1.2	CR1	Lop	W2	PASS_GEOMETRY_ONLY	17.0	UNKNOWN	LOADED	ADJUSTABLE_SLINGS
C03-EMPTY_APPROACH	[30,18,8]	[40,12,1.4]	[[30,18,8],[40,18,8],[40,12,8],[40,12,1.4]]	[6,3,0.8]	1	CR1	Lop	W2	PASS_GEOMETRY_ONLY	22.6	UNKNOWN	EMPTY_APPROACH	EMPTY_RIG
C03-EMPTY_RETURN	[50,12,1.4]	[30,18,8]	[[50,12,1.4],[50,12,8],[30,12,8],[30,18,8]]	[6,3,0.8]	1	CR1	Lop	W2	PASS_GEOMETRY_ONLY	32.6	UNKNOWN	EMPTY_RETURN	EMPTY_RIG
C04	[20,12,0.8]	[50,12,0.6]	[[20,12,0.8],[20,12,4.1],[50,12,4.1],[50,12,4.1],[50,12,0.6]]	[1.6,1.6,2.8]	0.8	CR1	Lop	W2	PASS_GEOMETRY_ONLY	36.8	UNKNOWN	LOADED	ADJUSTABLE_SLINGS
C04-EMPTY_APPROACH	[30,18,8]	[20,12,4.2]	[[30,18,8],[20,18,8],[20,12,8],[20,12,4.2]]	[1.6,1.6,0.8]	1	CR1	Lop	W2	PASS_GEOMETRY_ONLY	19.8	UNKNOWN	EMPTY_APPROACH	EMPTY_RIG
C04-EMPTY_RETURN	[50,12,4.0]	[30,18,8]	[[50,12,4.0],[50,12,8],[30,12,8],[30,18,8]]	[1.6,1.6,0.8]	1	CR1	Lop	W2	PASS_GEOMETRY_ONLY	30.0	UNKNOWN	EMPTY_RETURN	EMPTY_RIG
M01	[50,12,0.6]	[50,24,0.6]	[[50,12,0.6],[50,12,4.1],[50,12,4.1],[50,24,4.1],[50,24,0.6]]	[6,3,3.2]	8.0	CR1	Lop	AF1	PASS_GEOMETRY_ONLY	19.0	UNKNOWN	LOADED	ADJUSTABLE_SLINGS
M01-EMPTY_APPROACH	[30,18,8]	[50,12,4.4]	[[30,18,8],[50,18,8],[50,12,8],[50,12,4.4]]	[6,3,0.8]	1	CR1	Lop	AF1	PASS_GEOMETRY_ONLY	29.6	UNKNOWN	EMPTY_APPROACH	EMPTY_RIG
M01-EMPTY_RETURN	[50,24,4.4]	[30,18,8]	[[50,24,4.4],[50,24,8],[30,24,8],[30,18,8]]	[6,3,0.8]	1	CR1	Lop	AF1	PASS_GEOMETRY_ONLY	29.6	UNKNOWN	EMPTY_RETURN	EMPTY_RIG
M02	[50,24,0.6]	[40,24,0.6]	[[50,24,0.6],[50,24,4.1],[40,24,4.1],[40,24,4.1],[40,24,0.6]]	[6,3,3.2]	8.0	CR1	Lop	QA1	PASS_GEOMETRY_ONLY	17.0	UNKNOWN	LOADED	ADJUSTABLE_SLINGS
M02-EMPTY_APPROACH	[30,18,8]	[50,24,4.4]	[[30,18,8],[50,18,8],[50,24,8],[50,24,4.4]]	[6,3,0.8]	1	CR1	Lop	QA1	PASS_GEOMETRY_ONLY	29.6	UNKNOWN	EMPTY_APPROACH	EMPTY_RIG
M02-EMPTY_RETURN	[40,24,4.4]	[30,18,8]	[[40,24,4.4],[40,24,8],[30,24,8],[30,18,8]]	[6,3,0.8]	1	CR1	Lop	QA1	PASS_GEOMETRY_ONLY	19.6	UNKNOWN	EMPTY_RETURN	EMPTY_RIG
M03	[40,24,0.6]	[50,24,0.6]	[[40,24,0.6],[40,24,4.1],[50,24,4.1],[50,24,4.1],[50,24,0.6]]	[6,3,3.2]	8.0	CR1	Lop	AF1	PASS_GEOMETRY_ONLY	17.0	UNKNOWN	LOADED	ADJUSTABLE_SLINGS
M03-EMPTY_APPROACH	[30,18,8]	[40,24,4.4]	[[30,18,8],[40,18,8],[40,24,8],[40,24,4.4]]	[6,3,0.8]	1	CR1	Lop	AF1	PASS_GEOMETRY_ONLY	19.6	UNKNOWN	EMPTY_APPROACH	EMPTY_RIG
M03-EMPTY_RETURN	[50,24,4.4]	[30,18,8]	[[50,24,4.4],[50,24,8],[30,24,8],[30,18,8]]	[6,3,0.8]	1	CR1	Lop	AF1	PASS_GEOMETRY_ONLY	29.6	UNKNOWN	EMPTY_RETURN	EMPTY_RIG
M04	[50,24,0.6]	[30,24,0.6]	[[50,24,0.6],[50,24,4.1],[30,24,4.1],[30,24,4.1],[30,24,0.6]]	[6,3,3.2]	8.0	CR1	Lop	QA1	PASS_GEOMETRY_ONLY	27.0	UNKNOWN	LOADED	ADJUSTABLE_SLINGS
M04-EMPTY_APPROACH	[30,18,8]	[50,24,4.4]	[[30,18,8],[50,18,8],[50,24,8],[50,24,4.4]]	[6,3,0.8]	1	CR1	Lop	QA1	PASS_GEOMETRY_ONLY	29.6	UNKNOWN	EMPTY_APPROACH	EMPTY_RIG
M04-EMPTY_RETURN	[30,24,4.4]	[30,18,8]	[[30,24,4.4],[30,24,8],[30,24,8],[30,18,8]]	[6,3,0.8]	1	CR1	Lop	QA1	PASS_GEOMETRY_ONLY	9.6	UNKNOWN	EMPTY_RETURN	EMPTY_RIG
F01	[30,24,0.6]	[20,24,0.6]	[[30,24,0.6],[30,24,4.1],[20,24,4.1],[20,24,4.1],[20,24,0.6]]	[6,3,3.2]	8.0	CR1	Lop	QA1	PASS_GEOMETRY_ONLY	17.0	UNKNOWN	LOADED	ADJUSTABLE_SLINGS
F01-EMPTY_APPROACH	[30,18,8]	[30,24,4.4]	[[30,18,8],[30,18,8],[30,24,8],[30,24,4.4]]	[6,3,0.8]	1	CR1	Lop	QA1	PASS_GEOMETRY_ONLY	9.6	UNKNOWN	EMPTY_APPROACH	EMPTY_RIG
F01-EMPTY_RETURN	[20,24,4.4]	[30,18,8]	[[20,24,4.4],[20,24,8],[30,24,8],[30,18,8]]	[6,3,0.8]	1	CR1	Lop	QA1	PASS_GEOMETRY_ONLY	19.6	UNKNOWN	EMPTY_RETURN	EMPTY_RIG
F02	[30,24,0.6]	[20,34,0.6]	[[30,24,0.6],[30,24,4.1],[20,24,4.1],[20,34,4.1],[20,34,0.6]]	[6,3,3.2]	8.0	CR1	Lop	QA1	PASS_GEOMETRY_ONLY	27.0	UNKNOWN	LOADED	ADJUSTABLE_SLINGS
F02-EMPTY_APPROACH	[30,18,8]	[30,24,4.4]	[[30,18,8],[30,18,8],[30,24,8],[30,24,4.4]]	[6,3,0.8]	1	CR1	Lop	QA1	PASS_GEOMETRY_ONLY	9.6	UNKNOWN	EMPTY_APPROACH	EMPTY_RIG
F02-EMPTY_RETURN	[20,34,4.4]	[30,18,8]	[[20,34,4.4],[20,34,8],[30,34,8],[30,18,8]]	[6,3,0.8]	1	CR1	Lop	QA1	PASS_GEOMETRY_ONLY	29.6	UNKNOWN	EMPTY_RETURN	EMPTY_RIG
F03	[20,24,0.6]	[30,34,0.6]	[[20,24,0.6],[20,24,4.1],[30,24,4.1],[30,34,4.1],[30,34,0.6]]	[6,3,3.2]	8.0	CR1	Lop	QA1	PASS_GEOMETRY_ONLY	27.0	UNKNOWN	LOADED	ADJUSTABLE_SLINGS
F03-EMPTY_APPROACH	[30,18,8]	[20,24,4.4]	[[30,18,8],[20,18,8],[20,24,8],[20,24,4.4]]	[6,3,0.8]	1	CR1	Lop	QA1	PASS_GEOMETRY_ONLY	19.6	UNKNOWN	EMPTY_APPROACH	EMPTY_RIG
F03-EMPTY_RETURN	[30,34,4.4]	[30,18,8]	[[30,34,4.4],[30,34,8],[30,34,8],[30,18,8]]	[6,3,0.8]	1	CR1	Lop	QA1	PASS_GEOMETRY_ONLY	19.6	UNKNOWN	EMPTY_RETURN	EMPTY_RIG
F04	[20,34,0.6]	[30,34,0.6]	[[20,34,0.6],[20,34,4.1],[30,34,4.1],[30,34,4.1],[30,34,0.6]]	[6,3,3.2]	8.0	CR1	Lop	QA1	PASS_GEOMETRY_ONLY	17.0	UNKNOWN	LOADED	ADJUSTABLE_SLINGS
F04-EMPTY_APPROACH	[30,18,8]	[20,34,4.4]	[[30,18,8],[20,18,8],[20,34,8],[20,34,4.4]]	[6,3,0.8]	1	CR1	Lop	QA1	PASS_GEOMETRY_ONLY	29.6	UNKNOWN	EMPTY_APPROACH	EMPTY_RIG
F04-EMPTY_RETURN	[30,34,4.4]	[30,18,8]	[[30,34,4.4],[30,34,8],[30,34,8],[30,18,8]]	[6,3,0.8]	1	CR1	Lop	QA1	PASS_GEOMETRY_ONLY	19.6	UNKNOWN	EMPTY_RETURN	EMPTY_RIG
P01	[6,23,0.8]	[6,29,0.8]	[[6,23,0.8],[6,23,0.9],[10,23,0.9],[10,29,0.9],[6,29,0.9],[6,29,0.8]]	[1.2,0.8,0.6]	0.08	SCN-CART-01	E1	QA1	PASS_GEOMETRY_ONLY	14.2	UNKNOWN	LOADED	LIFT_TRANSFER_TRAY
P01-EMPTY_RETURN	[6,27.9,0]	[6,21.9,0]	[[6,27.9,0],[6,27.9,0],[10,27.9,0],[10,21.9,0],[6,21.9,0],[6,21.9,0]]	[1.5,1.1,1.2]	0	SCN-CART-01	E1	QA1	PASS_GEOMETRY_ONLY	14.0	UNKNOWN	EMPTY_RETURN	SUPPORT_RETRACTED_BEFORE_RETURN
P02	[6,29,0.8]	[13,29,0.8]	[[6,29,0.8],[6,29,0.9],[13,29,0.9],[13,29,0.9],[13,29,0.8]]	[1.2,0.8,0.6]	0.08	SCN-CART-01	E1	AF1	PASS_GEOMETRY_ONLY	7.2	UNKNOWN	LOADED	LIFT_TRANSFER_TRAY
P02-EMPTY_RETURN	[13,27.9,0]	[6,27.9,0]	[[13,27.9,0],[13,27.9,0],[13,27.9,0],[6,27.9,0],[6,27.9,0]]	[1.5,1.1,1.2]	0	SCN-CART-01	E1	AF1	PASS_GEOMETRY_ONLY	7.0	UNKNOWN	EMPTY_RETURN	SUPPORT_RETRACTED_BEFORE_RETURN
P03	[13,29,0.8]	[55,29,0.8]	[[13,29,0.8],[13,29,0.9],[55,29,0.9],[55,29,0.9],[55,29,0.8]]	[1.2,0.8,0.6]	0.08	SCN-CART-01	E1	AF1	PASS_GEOMETRY_ONLY	42.2	UNKNOWN	LOADED	LIFT_TRANSFER_TRAY
P03-EMPTY_RETURN	[55,27.9,0]	[13,27.9,0]	[[55,27.9,0],[55,27.9,0],[55,27.9,0],[13,27.9,0],[13,27.9,0]]	[1.5,1.1,1.2]	0	SCN-CART-01	E1	AF1	PASS_GEOMETRY_ONLY	42.0	UNKNOWN	EMPTY_RETURN	SUPPORT_RETRACTED_BEFORE_RETURN
TEST-DELIVER	[55,34,0]	[55,25,0]	[[55,34,0],[57,34,0],[57,25,0],[55,25,0]]	[0.8,1.1,1.2]	0	TEST1	QA1	QA1	PASS_GEOMETRY_ONLY	13.0	UNKNOWN	DELIVER	WHEELED_TOOL_CART
TEST-RETRIEVE	[55,25,0]	[55,34,0]	[[55,25,0],[57,25,0],[57,34,0],[55,34,0]]	[0.8,1.1,1.2]	0	TEST1	QA1	QA1	PASS_GEOMETRY_ONLY	13.0	UNKNOWN	RETRIEVE	WHEELED_TOOL_CART
