id	title	url	version	locator	access	scope	supported_claim	project_limit	q_ids	checked_on	project_qualification	retrieved_sha256
B01	BCA PPVC Guidebook	https://isomer-user-content.by.gov.sg/338/b8a8e7e3-ff40-496c-8246-1a582efb88ca/ppvc_guidebook.pdf	既有指南；86页；官方2017发布线索，非2026新版	§4.2/4.2.1 印刷p48=PDF50；§4.2.2 p49=PDF51；§8.1.2 p65=PDF67	本轮直接重新获取86页；关键p48/p65文字与图形视觉核验；与既有原件SHA相同	新加坡钢PPVC生产参考指南	说明机器人替代方向，要求核对WPS/WPQR、焊工与焊材、工装精度、框架检验及试拼	不是SR-W1/W2图样或双模式资格；非当前法律证明	Q01;Q02;Q03;Q04;Q05	2026-10-08	False	141a620071ac0c0c11618c6520a73d7e7d7d57a876f9b8d47ce1359630d25fe2
B02	RoboticPlus Automatic Modular Steel Frame Production Line for CSCEC	https://www.roboticplus.com/en/news/details/cate_id/61/id/495.html	2024-06-28	标题/日期及正文自动上下料、定位、焊接、程序生成段	供应商正文重新打开	CSCEC模块钢框架产线	供应商报告全自动钢框架生产及视觉路径修正	全自动上下料也不同于本项目人工装卸HR-seq；没有交付本项目WPS/范围/程序/检验记录	Q01;Q02;Q03;Q05	2026-10-08	False	
B03	Kobelco Robotic Welding System with New Equipment for Steel Structures	https://www.kobelco.co.jp/english/r-d/technology-review/pdf/41_023-029.pdf	Technology Review 41，2024-03，pp23–29	§3.3/3.4，印刷p27=PDF5，Table 2；§4系统	本轮重新取得7页并提取；p27视觉核验	钢柱与贯通隔板接头的REGARC新旧工艺	32mm试样、层间温度限制及指定焊丝下比较力学性能；支持系统/工艺关联	比较的是REGARC常规/新工艺，并非人工H与HR-seq；不得移植试样厚度、工时或性能	Q01;Q02;Q03;Q05	2026-10-08	False	e2dc7fd429853045f420d90386d6b98c127a8f44b8d7e442ad8cf6097fb11070
B11	RoboticPlus Empowering Modular Construction Innovative Welding Solutions	https://www.roboticplus.com/en/news/details/cate_id/61/id/477.html	2024-04-10	正文1–4及AluHouse合作段	供应商全文重新打开	模块钢结构方案与AluHouse合作	柔性工装、视觉焊缝定位、程序/工艺库和自动焊接的工程存在	工艺库推荐不是适用WPS/WPQR；多机协作不是人机同步危险区许可	Q02;Q03;Q04;Q05	2026-10-08	False	
G01	ISO 15607:2019	https://www.iso.org/standard/71495.html	2019-10；第2版，2025确认	Abstract；Annex A/B/C仅目录描述	本轮实际打开ISO官方版本/公开范围摘要；未取得收费全文	手工、部分机械化、全机械化与自动焊接	WPS应有适用WPQR依据，资格路径受应用标准约束	未取得本项目WPS/WPQR；不把所有路径规定为必做新试验	Q01;Q02	2026-10-08	False	
G02	ISO 15609-1:2019	https://www.iso.org/standard/75556.html	2019-08；第2版，2025确认	Abstract	本轮实际打开ISO官方版本/公开范围摘要；未取得收费全文	电弧焊WPS内容	WPS变量影响焊接接头质量	只读公开摘要，未读取收费全文变量表或生成实际WPS	Q01;Q02	2026-10-08	False	
G03	ISO 15614-1:2017	https://www.iso.org/standard/51792.html	2017-06；第2版，2017-11纠正版；列有Amd1:2019；2022确认	Abstract及Life cycle	本轮实际打开ISO官方版本/公开范围摘要；未取得收费全文	钢电弧/气焊及镍电弧焊；生产/修补/堆焊	规定工艺试验与资格覆盖范围；既有评定可在其适用范围内使用	页面仍Published且DIS待替代；不将草案当已生效；本项目材料/厚度/接头未知	Q01;Q02;Q06	2026-10-08	False	
G04	ISO 15612:2018	https://www.iso.org/standard/65971.html	2018-06；第2版，2023确认	Abstract	本轮实际打开ISO官方版本/公开范围摘要；未取得收费全文	钢与铝的标准焊接工艺规程SWPS采用	存在采用另一组织基于试验形成的SWPS的路径，受范围和采用组织要求约束	应用标准可限制；没有选定适用SWPS，也不能仅下载证书即继承	Q02	2026-10-08	False	
G05	ISO 9606-1:2012	https://www.iso.org/standard/54936.html	2012-07；第2版，2023确认；DIS后继仍开发	Abstract及Life cycle	本轮实际打开ISO官方版本/公开范围摘要；未取得收费全文	钢手工/部分机械化熔焊焊工	人工操控焊接技能资格；不覆盖全机械化/自动焊接	W1/W2合成资格ID不是焊工证；不能自动覆盖OP1	Q04	2026-10-08	False	
G06	ISO 14732:2025	https://www.iso.org/standard/82980.html	2025-06；第3版，替代2013	Abstract及Life cycle	本轮实际打开ISO官方版本/公开范围摘要；未取得收费全文	机械化/自动焊的操作工和调试工	控制/调整焊参或参与设备设置的相关人员有对应资格要求	对仅装卸且不控制焊参/不参与设置者存在范围排除；须先分析实际职责；不证明OP1已合格	Q04	2026-10-08	False	
G07	ISO 10218-2:2025	https://www.iso.org/standard/73934.html	2025-02；第2版，替代2011	What is addressed / General information；不用页面异常FAQ修订描述	本轮实际打开ISO官方版本/公开范围摘要；未取得收费全文	工业机器人应用及单元集成全生命周期	应用单元设计、集成、调试、操作和维护需具体安全要求	只读官方范围，未查收费完整条款；本体型号或仿真空间锁不能证明J2集成安全	Q03;Q04;Q06	2026-10-08	False	
G08	ISO 5817:2023	https://www.iso.org/standard/80209.html	2023-02；第4版	Abstract	本轮实际打开ISO官方版本/公开范围摘要；未取得收费全文	钢/镍/钛非束流熔焊接头质量等级	共同缺陷质量等级可覆盖手工、机械化、自动模式	质量等级不是实际检验结果；不能凭摘要挑等级B或指定允许缺陷尺寸	Q05	2026-10-08	False	
G09	ISO 17635:2025	https://www.iso.org/standard/85705.html	2025-04；第4版，替代2016	Abstract	本轮实际打开ISO官方版本/公开范围摘要；未取得收费全文	金属焊缝NDT方法/评定通则	检验方法需结合质量、材料、焊厚、工艺和范围；质量等级与NDT接受等级不可直接互换	未选项目检验计划或NDT接受限值，模拟质量PASS不能代替实测	Q05	2026-10-08	False	
G10	ISO 17637:2016	https://www.iso.org/standard/67259.html	2016-12；第2版，2022确认	Abstract	本轮实际打开ISO官方版本/公开范围摘要；未取得收费全文	金属熔焊接头目视检查	涵盖焊缝及可适用于焊前接头的目视检查	不是充分证明全部内在质量或结构试拼合格	Q05	2026-10-08	False	
G11	ISO 3834-2:2021	https://www.iso.org/standard/81651.html	2021-04；第3版，2026确认	Abstract / General information	本轮实际打开ISO官方版本/公开范围摘要；未取得收费全文	车间/现场熔焊全面质量要求	提供制造质量体系候选依据	只有摘要，未声称已查全文追溯/返修条款，也未证明本项目获认证	Q02;Q05	2026-10-08	False	
G12	ISO 14731:2019	https://www.iso.org/standard/68893.html	2019-02；第3版，2024确认	Abstract	本轮实际打开ISO官方版本/公开范围摘要；未取得收费全文	焊接协调任务、职责与胜任能力	制造方应为具体质量任务安排胜任人员；法规/合同可有特定要求	焊接协调不等于机器人运行阶段OP1必须/可以离岗，需任务级判断	Q04	2026-10-08	False	
G13	OSHA Technical Manual Section IV Chapter 4	https://www.osha.gov/otm/section-4-safety-hazards/chapter-4	本轮现行网页；含2011/2012旧标准引文，不视作2025 ISO逐条解释	§V safeguarding / §VII risk assessments / §VIII non-collaborative applications	官方指南相关段落打开	美国工业机器人安全指导	自动运行人员防护、具体应用风险分析和实施后验证；相似设备仍需各自任务评估	非本项目法域裁定或J2合格证；不照搬文中旧版本或速度数值	Q03;Q04;Q06	2026-10-08	False	
G14	OSHA 29 CFR 1910.147	https://www.osha.gov/laws-regs/regulations/standardnumber/1910/1910.147	本轮现行官方条文	(a)(2)范围；(d)/(e)隔离恢复；(f)(4)换班	官方条文及指定段落打开	美国检修/维护危险能量控制	维护隔离、能量验证、重新启动及换班保护连续性	常规生产不全部属于此条；正常装卸不能一律套LOTO；不提供0.1h交接/恢复定值	Q04;Q06	2026-10-08	False	
G15	Hong Kong Code of Practice for the Structural Use of Steel 2011 2023 Edition	https://www.bd.gov.hk/doc/en/resources/codes-and-references/code-and-design-manuals/suos2011/SUOS2011_section_14.pdf	2011钢规2023版，第14章，19页	§14.3.1–3 p328；§14.3.4 p329；§14.3.6 pp330–333；Table14.2a/b	官方章节重新打开并本地取得；p328/p333视觉核验；其余相关条文读取	香港结构钢工程候选体系；非已选本项目法域	同一标准体系、WPS/评定/人员、装配及工装、检验等待、返修批准与复验要求	表14.2a小焊缝审批例外不是取消WPS/整个G2；允许焊后/点焊后卸夹的工艺选择不自动匹配本项目；等待必须按材料/接头确定	Q01;Q02;Q03;Q04;Q05;Q06	2026-10-08	False	ddf855da8c3c4e38cb01c6b8d5a2fb4eaf28cef2bf5e5881e3bac488d2ee634e
G16	AWS D1.1/D1.1M:2025-AMD1 official preview	https://pubs.aws.org/Download_PDFS/D1.1-D1.1M-2025-AMD1_PV.pdf	2025版；2026-01-12 Amendment；2026-02第二次印刷	封面/Abstract；目录Clause5 prequalification和Clause6 qualification；公开p1 Scope	官方38页预览打开；未取得全书	常用碳钢/低合金结构焊接候选体系	存在WPS预评定和试验资格的不同路径，合同引用时遵循其条件	仅预览不能证明具体接头满足预评定；钢材和厚度未知不决定D1.1或薄板D1.3，不购买/采纳标准	Q01;Q02	2026-10-08	False	
G17	Buildings Department ALUMIC Letter of In-principle Acceptance MiC21/2023	https://www.bd.gov.hk/doc/en/resources/codes-and-references/mic/MIC0212023_IPA.pdf	2023-12-21；函载到期2028-12-21；不据此宣称当前全部条件持续满足	p1–2函；AppendixI p3，II pp4–5，III p6，IV p7	官方7页扫描PDF直接重新取得；7页逐页视觉阅读	Aluhouse ALUMIC特定体系、被接纳图样及指定工厂	官方条件性体系接纳，含钢框架制造工厂；替代设计/材料/方法须重新证明；不能替代具体工程审批	并非SR-W1/W2；未提供两模式WPS/WPQR、机器人程序、停点或检验原件；ISO9001不等于焊接资格	Q01;Q02;Q03;Q04;Q05;Q06	2026-10-08	False	aebfcfe01015826597ec65ff76681d5624262b099f97856a823c0a649e7dd7e6
G18	AluHouse Smart Manufacturing	https://www.aluhouse.com/en/mic-smart-production.html	网页无明确发布日期；核查2026-10-08；页脚年份非发布年	Advanced Manufacturing Equipment / Steel MiC Line段	制造方原网页正文打开	AluHouse现有制造设施自述	制造方自述MiC机器人焊接线、检测与物流能力，与B11工程方向交叉支持	未公开本项目资格附件或同接头H/HR验收；不外推节拍、实验质量或认证范围	Q03;Q05	2026-10-08	False	
