edge_id	from	to	relation	classification	source_locator	project_reason	rule
ED01	KIT	CUT	material	A保守安排/物理依赖	B01:p49	要求对应组件/批次齐套且不可重复消费	R02
ED02	CUT	MV-IN-B	material	A保守安排/物理依赖	A:组件实物转移	要求对应组件/批次齐套且不可重复消费	R02
ED03	MV-IN-B	W-B	precedence	A保守安排/物理依赖	B01:pp48,50	保持前一工作输出/实际位置；不是来源唯一顺序	R02
ED04	W-B	MV-B	precedence	A保守安排/物理依赖	A:有限缓冲	保持前一工作输出/实际位置；不是来源唯一顺序	R02
ED05	CUT	MV-IN-T	material	A保守安排/物理依赖	A:组件实物转移	要求对应组件/批次齐套且不可重复消费	R02
ED06	MV-IN-T	W-T	precedence	A保守安排/物理依赖	B01:pp48,50	保持前一工作输出/实际位置；不是来源唯一顺序	R02
ED07	W-T	MV-T	precedence	A保守安排/物理依赖	A:有限缓冲	保持前一工作输出/实际位置；不是来源唯一顺序	R02
ED08	MV-B	JOIN-IN	material	A保守安排/物理依赖	B01:p50;A:搬运展开	要求对应组件/批次齐套且不可重复消费	R02
ED09	MV-T	JOIN-IN	material	A保守安排/物理依赖	B01:p50;A:搬运展开	要求对应组件/批次齐套且不可重复消费	R02
ED10	KIT	JOIN-IN	material	A保守安排/物理依赖	B01:p50;A:搬运展开	要求对应组件/批次齐套且不可重复消费	R02
ED11	JOIN-IN	W-3D	precedence	A保守安排/物理依赖	B01:p50	保持前一工作输出/实际位置；不是来源唯一顺序	R02
ED12	W-3D	Q-STR	precedence	F局部先后+A细分	B01:pp50-51;U:试拼替代	保持前一工作输出/实际位置；不是来源唯一顺序	R02
ED13	Q-STR	COAT	quality	A保守安排/物理依赖	A:防腐方法待证	前一质量门PASS且未失效	R02
ED14	COAT	WAIT-COAT	precedence	A保守安排/物理依赖	A/U:材料方法	保持前一工作输出/实际位置；不是来源唯一顺序	R02
ED15	WAIT-COAT	MOVE-F	wait_release	A保守安排/物理依赖	B01:p55;A:厂内路线	达到最小等待并有材料/试验释放记录	R02
ED16	MOVE-F	FLOOR	precedence	A保守安排/物理依赖	B01:pp51,83;B10	保持前一工作输出/实际位置；不是来源唯一顺序	R02
ED17	KIT	FLOOR	material	A保守安排/物理依赖	B01:pp51,83;B10	要求对应组件/批次齐套且不可重复消费	R02
ED18	FLOOR	MEP-E	precedence	A保守安排/物理依赖	B01:p51	保持前一工作输出/实际位置；不是来源唯一顺序	R02
ED19	FLOOR	MEP-P	precedence	A保守安排/物理依赖	B01:p51	保持前一工作输出/实际位置；不是来源唯一顺序	R02
ED20	MEP-E	Q-MEP	precedence	A保守安排/物理依赖	A:隐蔽质量门;B01:sec8	保持前一工作输出/实际位置；不是来源唯一顺序	R02
ED21	MEP-P	Q-MEP	precedence	A保守安排/物理依赖	A:隐蔽质量门;B01:sec8	保持前一工作输出/实际位置；不是来源唯一顺序	R02
ED22	Q-MEP	LINING	quality	A保守安排/物理依赖	B01:p51	前一质量门PASS且未失效	R02
ED23	LINING	Q-LIN	precedence	F局部先后+A细分	B01:p52	保持前一工作输出/实际位置；不是来源唯一顺序	R02
ED24	Q-LIN	WPROOF	quality	A保守安排/物理依赖	B01:p52;B10	前一质量门PASS且未失效	R02
ED25	WPROOF	WAIT-W	precedence	A保守安排/物理依赖	A/E:非工业时长	保持前一工作输出/实际位置；不是来源唯一顺序	R02
ED26	WAIT-W	TEST-SET	wait_release	A保守安排/物理依赖	B01:p52	达到最小等待并有材料/试验释放记录	R02
ED27	TEST-SET	WAIT-TEST	precedence	A保守安排/物理依赖	B01:p52;E:4h	保持前一工作输出/实际位置；不是来源唯一顺序	R02
ED28	WAIT-TEST	Q-POND	wait_release	A保守安排/物理依赖	B01:p52;A:分段	达到最小等待并有材料/试验释放记录	R02
ED29	Q-POND	TILE	quality	F局部先后+A细分	B01:p52	前一质量门PASS且未失效	R02
ED30	TILE	WAIT-TILE	precedence	A保守安排/物理依赖	B01:p53;A/E:等待	保持前一工作输出/实际位置；不是来源唯一顺序	R02
ED31	WAIT-TILE	EXT	wait_release	A保守安排/物理依赖	B01:pp53-54	达到最小等待并有材料/试验释放记录	R02
ED32	EXT	Q-EXT	precedence	A保守安排/物理依赖	B01:p53	保持前一工作输出/实际位置；不是来源唯一顺序	R02
ED33	Q-EXT	PAINT	quality	A保守安排/物理依赖	B01:p54	前一质量门PASS且未失效	R02
ED34	PAINT	WAIT-PAINT	precedence	A保守安排/物理依赖	A/E:非工业时长	保持前一工作输出/实际位置；不是来源唯一顺序	R02
ED35	WAIT-PAINT	FIT	wait_release	A保守安排/物理依赖	B01:p54;A:吊顶归并	达到最小等待并有材料/试验释放记录	R02
ED36	FIT	Q-FIN	precedence	A保守安排/物理依赖	B01:sec8;A:最终合取门	保持前一工作输出/实际位置；不是来源唯一顺序	R02
ED37	Q-FIN	PACK	quality	A保守安排/物理依赖	B01:pp55,57	前一质量门PASS且未失效	R02
ED38	PACK	Q-PACK	precedence	F局部先后+A细分	B01:p57	保持前一工作输出/实际位置；不是来源唯一顺序	R02
ED39	Q-PACK	MOVE-OUT	quality	A保守安排/物理依赖	B01:p55;A:出厂位	前一质量门PASS且未失效	R02
ED40	MOVE-OUT	READY	precedence	A保守安排/物理依赖	A:交付定义	保持前一工作输出/实际位置；不是来源唯一顺序	R02
