activity	mode	phase_roles	source	classification	qualification_gate	output_equivalence	release_boundary
KIT	H-team	P1	B01:p49	A角色和分段/E时长/U工业方法	相关工艺/资源/质量条件	对应节点指定输出	按工作面/驻留规则
CUT	H-team	P1	B01:p49	A角色和分段/E时长/U工业方法	相关工艺/资源/质量条件	对应节点指定输出	按工作面/驻留规则
MV-IN-B	MOVE	P1,Lrig,Lsig	A:组件实物转移	A角色和分段/E时长/U工业方法	相关工艺/资源/质量条件	对应节点指定输出	按工作面/驻留规则
W-B	H	W1人工装夹0.5h+W1人工焊接2h+W1人工卸载0.5h	B01:p48;B02;B03;B11	F替代类别/A分工/E时长/U本产品资格	人工工艺/资格及共同输出	同组件版本/焊缝集合/质量标准	HOT排他;无同步HR
W-B	HR-seq	OP1装夹0.5h+R1隔离焊接1h+OP1停机卸载0.5h	B01:p48;B02;B03;B11	F替代类别/A分工/E时长/U本产品资格	G2;默认DISABLED	同组件版本/焊缝集合/质量标准	HOT排他;无同步HR
MV-B	MOVE	P1,Lrig,Lsig	A:有限缓冲	A角色和分段/E时长/U工业方法	相关工艺/资源/质量条件	对应节点指定输出	按工作面/驻留规则
MV-IN-T	MOVE	P1,Lrig,Lsig	A:组件实物转移	A角色和分段/E时长/U工业方法	相关工艺/资源/质量条件	对应节点指定输出	按工作面/驻留规则
W-T	H	W1人工装夹0.5h+W1人工焊接2h+W1人工卸载0.5h	B01:p48;B02;B03;B11	F替代类别/A分工/E时长/U本产品资格	人工工艺/资格及共同输出	同组件版本/焊缝集合/质量标准	HOT排他;无同步HR
W-T	HR-seq	OP1装夹0.5h+R1隔离焊接1h+OP1停机卸载0.5h	B01:p48;B02;B03;B11	F替代类别/A分工/E时长/U本产品资格	G2;默认DISABLED	同组件版本/焊缝集合/质量标准	HOT排他;无同步HR
MV-T	MOVE	P1,Lrig,Lsig	A:有限缓冲	A角色和分段/E时长/U工业方法	相关工艺/资源/质量条件	对应节点指定输出	按工作面/驻留规则
JOIN-IN	MOVE	Lop,Lrig,Lsig	B01:p50;A:搬运展开	A角色和分段/E时长/U工业方法	相关工艺/资源/质量条件	对应节点指定输出	按工作面/驻留规则
W-3D	H-team	W1,W2	B01:p50	A角色和分段/E时长/U工业方法	相关工艺/资源/质量条件	对应节点指定输出	按工作面/驻留规则
Q-STR	H-team	QA1,W2	B01:pp50-51;U:试拼替代	A角色和分段/E时长/U工业方法	相关工艺/资源/质量条件	对应节点指定输出	按工作面/驻留规则
COAT	H-team	C1	A:防腐方法待证	A角色和分段/E时长/U工业方法	相关工艺/资源/质量条件	对应节点指定输出	按工作面/驻留规则
WAIT-COAT	WAIT	QA1末端	A/U:材料方法	A角色和分段/E时长/U工业方法	相关工艺/资源/质量条件	对应节点指定输出	按工作面/驻留规则
MOVE-F	MOVE	Lop,Lrig,Lsig	B01:p55;A:厂内路线	A角色和分段/E时长/U工业方法	相关工艺/资源/质量条件	对应节点指定输出	按工作面/驻留规则
FLOOR	H-team	AF1,AF2	B01:pp51,83;B10	A角色和分段/E时长/U工业方法	相关工艺/资源/质量条件	对应节点指定输出	按工作面/驻留规则
MEP-E	H-team	E1	B01:p51	A角色和分段/E时长/U工业方法	相关工艺/资源/质量条件	对应节点指定输出	按工作面/驻留规则
MEP-P	H-team	PL1	B01:p51	A角色和分段/E时长/U工业方法	相关工艺/资源/质量条件	对应节点指定输出	按工作面/驻留规则
Q-MEP	H-team	QA1,E1,PL1	A:隐蔽质量门;B01:sec8	A角色和分段/E时长/U工业方法	相关工艺/资源/质量条件	对应节点指定输出	按工作面/驻留规则
LINING	H-team	AF1,AF2	B01:p51	A角色和分段/E时长/U工业方法	相关工艺/资源/质量条件	对应节点指定输出	按工作面/驻留规则
Q-LIN	H-team	QA1	B01:p52	A角色和分段/E时长/U工业方法	相关工艺/资源/质量条件	对应节点指定输出	按工作面/驻留规则
WPROOF	H-team	T1	B01:p52;B10	A角色和分段/E时长/U工业方法	相关工艺/资源/质量条件	对应节点指定输出	按工作面/驻留规则
WAIT-W	WAIT	-	A/E:非工业时长	A角色和分段/E时长/U工业方法	相关工艺/资源/质量条件	对应节点指定输出	按工作面/驻留规则
TEST-SET	H-team	T1	B01:p52	A角色和分段/E时长/U工业方法	相关工艺/资源/质量条件	对应节点指定输出	按工作面/驻留规则
WAIT-TEST	WAIT	-	B01:p52;E:4h	A角色和分段/E时长/U工业方法	相关工艺/资源/质量条件	对应节点指定输出	按工作面/驻留规则
Q-POND	H-team	QA1,T1	B01:p52;A:分段	A角色和分段/E时长/U工业方法	相关工艺/资源/质量条件	对应节点指定输出	按工作面/驻留规则
TILE	H-team	T1,T2	B01:p52	A角色和分段/E时长/U工业方法	相关工艺/资源/质量条件	对应节点指定输出	按工作面/驻留规则
WAIT-TILE	WAIT	-	B01:p53;A/E:等待	A角色和分段/E时长/U工业方法	相关工艺/资源/质量条件	对应节点指定输出	按工作面/驻留规则
EXT	H-team	AF1,AF2	B01:pp53-54	A角色和分段/E时长/U工业方法	相关工艺/资源/质量条件	对应节点指定输出	按工作面/驻留规则
Q-EXT	H-team	QA1,AF1	B01:p53	A角色和分段/E时长/U工业方法	相关工艺/资源/质量条件	对应节点指定输出	按工作面/驻留规则
PAINT	H-team	C1	B01:p54	A角色和分段/E时长/U工业方法	相关工艺/资源/质量条件	对应节点指定输出	按工作面/驻留规则
WAIT-PAINT	WAIT	-	A/E:非工业时长	A角色和分段/E时长/U工业方法	相关工艺/资源/质量条件	对应节点指定输出	按工作面/驻留规则
FIT	H-team	AF1,E1,PL1	B01:p54;A:吊顶归并	A角色和分段/E时长/U工业方法	相关工艺/资源/质量条件	对应节点指定输出	按工作面/驻留规则
Q-FIN	H-team	QA1,E1,PL1	B01:sec8;A:最终合取门	A角色和分段/E时长/U工业方法	相关工艺/资源/质量条件	对应节点指定输出	按工作面/驻留规则
PACK	H-team	P1,AF1	B01:pp55,57	A角色和分段/E时长/U工业方法	相关工艺/资源/质量条件	对应节点指定输出	按工作面/驻留规则
Q-PACK	H-team	QA1	B01:p57	A角色和分段/E时长/U工业方法	相关工艺/资源/质量条件	对应节点指定输出	按工作面/驻留规则
MOVE-OUT	MOVE	Lop,Lrig,Lsig	B01:p55;A:出厂位	A角色和分段/E时长/U工业方法	相关工艺/资源/质量条件	对应节点指定输出	按工作面/驻留规则
READY	GATE	-	A:交付定义	A角色和分段/E时长/U工业方法	相关工艺/资源/质量条件	对应节点指定输出	按工作面/驻留规则
