activity	output	after	roles	equipment	location	face	active_base_h_E	wait_h_E	legal_checkpoint_A_U	existence_source	material_kit_gate	quality_or_release_output	acquire_and_hold_A	release_A
KIT	设计/材料标识放行		P1	-	PRE	PRE	0.5	0	批次	B01:p49	DESIGN_VERSION;B-ST批次标识	WORK_UNIT_COMPLETE;非质量PASS	PRE驻留+声明工作面+本阶段角色/设备	只释放本阶段人员/设备；产品驻留至MOVE落位；工艺工作面至相应释放门
CUT	钢材准备切割	KIT	P1	CUT1	PRE	PRE	1	0	单件	B01:p49	B-ST钢材	WORK_UNIT_COMPLETE;非质量PASS	PRE驻留+声明工作面+本阶段角色/设备	只释放本阶段人员/设备；产品驻留至MOVE落位；工艺工作面至相应释放门
MV-IN-B	底框料到J2	CUT	P1,Lrig,Lsig	HST1	PRE>J2	MOVE	0.25	0	落位	A:组件实物转移	无新增消耗；核对本产品在制谱系	WORK_UNIT_COMPLETE;非质量PASS	源保持+目标预留+路线排他+全部MOVE角色/设备	确认稳定落位/摘钩后切换位置，释放源/路线/本段资源
W-B	底框装夹焊装	MV-IN-B	W1/OP1按模式	WELD1/R1,J2	J2	HOT	2	0	合格焊段	B01:pp48,50	B-ST底框料/支承套件/焊材	WORK_UNIT_COMPLETE;非质量PASS	J2驻留+声明工作面+本阶段角色/设备	按H/HR阶段释放人；J2保持至MV-B/MV-T落位BUF；R1至人工卸载完成
MV-B	底框入BUF	W-B	P1,Lrig,Lsig	HST1	J2>BUF	MOVE	0.25	0	落位	A:有限缓冲	无新增消耗；核对本产品在制谱系	WORK_UNIT_COMPLETE;非质量PASS	源保持+目标预留+路线排他+全部MOVE角色/设备	确认稳定落位/摘钩后切换位置，释放源/路线/本段资源
MV-IN-T	顶框料到J2	CUT	P1,Lrig,Lsig	HST1	PRE>J2	MOVE	0.25	0	落位	A:组件实物转移	无新增消耗；核对本产品在制谱系	WORK_UNIT_COMPLETE;非质量PASS	源保持+目标预留+路线排他+全部MOVE角色/设备	确认稳定落位/摘钩后切换位置，释放源/路线/本段资源
W-T	顶框装夹焊装	MV-IN-T	W1/OP1按模式	WELD1/R1,J2	J2	HOT	2	0	合格焊段	B01:pp48,50	B-ST顶框料/焊材	WORK_UNIT_COMPLETE;非质量PASS	J2驻留+声明工作面+本阶段角色/设备	按H/HR阶段释放人；J2保持至MV-B/MV-T落位BUF；R1至人工卸载完成
MV-T	顶框入BUF	W-T	P1,Lrig,Lsig	HST1	J2>BUF	MOVE	0.25	0	落位	A:有限缓冲	无新增消耗；核对本产品在制谱系	WORK_UNIT_COMPLETE;非质量PASS	源保持+目标预留+路线排他+全部MOVE角色/设备	确认稳定落位/摘钩后切换位置，释放源/路线/本段资源
JOIN-IN	两框及立柱汇入J3	MV-B,MV-T,KIT	Lop,Lrig,Lsig	CR1,J3	BUF>J3	MOVE	1	0	稳定支承	B01:p50;A:搬运展开	合格底框1+顶框1+B-ST柱4/连接套件	WORK_UNIT_COMPLETE;非质量PASS	源保持+目标预留+路线排他+全部MOVE角色/设备	确认稳定落位/摘钩后切换位置，释放源/路线/本段资源
W-3D	三维装配焊接	JOIN-IN	W1,W2	WELD1,J3	J3	HOT	2	0	合格焊段	B01:p50	已装配框/焊材	WORK_UNIT_COMPLETE;非质量PASS	J3驻留+声明工作面+本阶段角色/设备	只释放本阶段人员/设备；产品驻留至MOVE落位；工艺工作面至相应释放门
Q-STR	结构焊缝/尺寸/堆叠接口检查	W-3D	QA1,W2	J3	J3	ALL	1	0	检查结束	B01:pp50-51;U:试拼替代	无新增消耗；核对本产品在制谱系	Q-STR=PASS	J3驻留+声明工作面+本阶段角色/设备	只释放本阶段人员/设备；产品驻留至MOVE落位；工艺工作面至相应释放门
COAT	表面修补/保护处理	Q-STR	C1	J3	J3	ALL	1	0	材料许可分区	A:防腐方法待证	合格表面处理材料套件	WORK_UNIT_COMPLETE;非质量PASS	J3驻留+声明工作面+本阶段角色/设备	只释放本阶段人员/设备；产品驻留至MOVE落位；工艺工作面至相应释放门
WAIT-COAT	表面等待及释放	COAT	QA1末端	J3	J3	ALL	0.1	2	释放记录	A/U:材料方法	无新增消耗；核对本产品在制谱系	WAIT-COAT=RELEASED	J3驻留+声明工作面+本阶段角色/设备	先被动等待2h，再QA1检查0.1h并释放表面门；J3保持至MOVE-F落位
MOVE-F	框架到装修位	WAIT-COAT	Lop,Lrig,Lsig	CR1	J3>F1	MOVE	1	0	落位	B01:p55;A:厂内路线	无新增消耗；核对本产品在制谱系	WORK_UNIT_COMPLETE;非质量PASS	源保持+目标预留+路线排他+全部MOVE角色/设备	确认稳定落位/摘钩后切换位置，释放源/路线/本段资源
FLOOR	水泥板基底/隔墙骨架	MOVE-F,KIT	AF1,AF2	-	F1	ALL	2	0	固定板/段	B01:pp51,83;B10	B-FL板/紧固/接缝+B-WT隔墙骨架	WORK_UNIT_COMPLETE;非质量PASS	F1驻留+声明工作面+本阶段角色/设备	只释放本阶段人员/设备；产品驻留至MOVE落位；工艺工作面至相应释放门
MEP-E	干区电气/通风接口	FLOOR	E1	-	F1	D-E	1.5	0	安全断电单元	B01:p51	B-ME电气/通风接口	WORK_UNIT_COMPLETE;非质量PASS	F1驻留+声明工作面+本阶段角色/设备	只释放本阶段人员/设备；产品驻留至MOVE落位；工艺工作面至相应释放门
MEP-P	湿区给排水粗装	FLOOR	PL1	-	F1	W-P	1.5	0	封端单元	B01:p51	B-ME给排水/变体支路	WORK_UNIT_COMPLETE;非质量PASS	F1驻留+声明工作面+本阶段角色/设备	只释放本阶段人员/设备；产品驻留至MOVE落位；工艺工作面至相应释放门
Q-MEP	隐蔽前试验检查	MEP-E,MEP-P	QA1,E1,PL1	TEST1	F1	ALL	1	0	卸压断电	A:隐蔽质量门;B01:sec8	无新增消耗；核对本产品在制谱系	Q-MEP=PASS	F1驻留+声明工作面+本阶段角色/设备	只释放本阶段人员/设备；产品驻留至MOVE落位；工艺工作面至相应释放门
LINING	保温防火/墙顶基层封板	Q-MEP	AF1,AF2	-	F1	DRY	2	0	固定板	B01:p51	B-EN保温/防火/面板	WORK_UNIT_COMPLETE;非质量PASS	F1驻留+声明工作面+本阶段角色/设备	只释放本阶段人员/设备；产品驻留至MOVE落位；工艺工作面至相应释放门
Q-LIN	基层封板检查	LINING	QA1	-	F1	DRY	0.5	0	检查结束	B01:p52	无新增消耗；核对本产品在制谱系	Q-LIN=PASS	F1驻留+声明工作面+本阶段角色/设备	只释放本阶段人员/设备；产品驻留至MOVE落位；工艺工作面至相应释放门
WPROOF	湿区防水施工	Q-LIN	T1	-	F1	WET	1	0	材料许可分区	B01:p52;B10	B-WT防水/接缝材料	WORK_UNIT_COMPLETE;非质量PASS	F1驻留+声明工作面+本阶段角色/设备	只释放本阶段人员/设备；产品驻留至MOVE落位；工艺工作面至相应释放门
WAIT-W	防水等待/试验许可	WPROOF	-	-	F1	WET	0	4	材料释放	A/E:非工业时长	无新增消耗；核对本产品在制谱系	WAIT-W=RELEASED	F1驻留+声明工作面+本阶段角色/设备	只释放本阶段人员/设备；产品驻留至MOVE落位；工艺工作面至相应释放门
TEST-SET	蓄水试验设置	WAIT-W	T1	TEST1	F1	WET	0.5	0	蓄水稳定	B01:p52	试验介质/设备资格	WORK_UNIT_COMPLETE;非质量PASS	F1驻留+声明工作面+本阶段角色/设备	人员按阶段释放；TEST1及WET保持至Q-POND排水卸载
WAIT-TEST	蓄水保持	TEST-SET	-	TEST1	F1	WET	0	4	试验时界	B01:p52;E:4h	无新增消耗；核对本产品在制谱系	WAIT-TEST=RELEASED	F1驻留+声明工作面+本阶段角色/设备	人员按阶段释放；TEST1及WET保持至Q-POND排水卸载
Q-POND	复验排水/卸载	WAIT-TEST	QA1,T1	TEST1	F1	WET	0.5	0	排水完成	B01:p52;A:分段	无新增消耗；核对本产品在制谱系	Q-POND=PASS	F1驻留+声明工作面+本阶段角色/设备	只释放本阶段人员/设备；产品驻留至MOVE落位；工艺工作面至相应释放门
TILE	墙地饰面铺贴	Q-POND	T1,T2	-	F1	WET	2	0	材料许可分区	B01:p52	B-WT饰面/胶粘	WORK_UNIT_COMPLETE;非质量PASS	F1驻留+声明工作面+本阶段角色/设备	只释放本阶段人员/设备；产品驻留至MOVE落位；工艺工作面至相应释放门
WAIT-TILE	胶粘等待与释放	TILE	-	-	F1	WET	0	4	材料释放	B01:p53;A/E:等待	无新增消耗；核对本产品在制谱系	WAIT-TILE=RELEASED	F1驻留+声明工作面+本阶段角色/设备	只释放本阶段人员/设备；产品驻留至MOVE落位；工艺工作面至相应释放门
EXT	门窗/外覆层安装	WAIT-TILE	AF1,AF2	-	F1	EXT	2	0	固定件	B01:pp53-54	B-FI门窗+B-EN外覆	WORK_UNIT_COMPLETE;非质量PASS	F1驻留+声明工作面+本阶段角色/设备	只释放本阶段人员/设备；产品驻留至MOVE落位；工艺工作面至相应释放门
Q-EXT	窗水密/饰面检查	EXT	QA1,AF1	TEST1	F1	EXT	0.5	0	试验结束	B01:p53	无新增消耗；核对本产品在制谱系	Q-EXT=PASS	F1驻留+声明工作面+本阶段角色/设备	只释放本阶段人员/设备；产品驻留至MOVE落位；工艺工作面至相应释放门
PAINT	基层及面涂施工	Q-EXT	C1	-	F1	DRY	1	0	材料许可分区	B01:p54	涂装各层材料套件	WORK_UNIT_COMPLETE;非质量PASS	F1驻留+声明工作面+本阶段角色/设备	只释放本阶段人员/设备；产品驻留至MOVE落位；工艺工作面至相应释放门
WAIT-PAINT	涂装干燥释放	PAINT	-	-	F1	DRY	0	4	材料释放	A/E:非工业时长	无新增消耗；核对本产品在制谱系	WAIT-PAINT=RELEASED	F1驻留+声明工作面+本阶段角色/设备	只释放本阶段人员/设备；产品驻留至MOVE落位；工艺工作面至相应释放门
FIT	吊顶/柜体/洁具及MEP收尾	WAIT-PAINT	AF1,E1,PL1	-	F1	ALL	2	0	固定/封端单元	B01:p54;A:吊顶归并	B-FI吊顶/柜/洁具+B-ME端子	WORK_UNIT_COMPLETE;非质量PASS	F1驻留+声明工作面+本阶段角色/设备	只释放本阶段人员/设备；产品驻留至MOVE落位；工艺工作面至相应释放门
Q-FIN	完整BOM及最终功能检查	FIT	QA1,E1,PL1	TEST1	F1	ALL	1	0	试验结束	B01:sec8;A:最终合取门	无新增消耗；核对本产品在制谱系	Q-FIN=PASS	F1驻留+声明工作面+本阶段角色/设备	只释放本阶段人员/设备；产品驻留至MOVE落位；工艺工作面至相应释放门
PACK	保护/覆盖/身份标识	Q-FIN	P1,AF1	-	F1	ALL	0.5	0	保护完成	B01:pp55,57	B-PR保护/覆盖/标签	WORK_UNIT_COMPLETE;非质量PASS	F1驻留+声明工作面+本阶段角色/设备	只释放本阶段人员/设备；产品驻留至MOVE落位；工艺工作面至相应释放门
Q-PACK	包装覆盖检查	PACK	QA1	-	F1	ALL	0.5	0	检查结束	B01:p57	无新增消耗；核对本产品在制谱系	Q-PACK=PASS	F1驻留+声明工作面+本阶段角色/设备	只释放本阶段人员/设备；产品驻留至MOVE落位；工艺工作面至相应释放门
MOVE-OUT	完整模块到出厂位	Q-PACK	Lop,Lrig,Lsig	CR1	F1>OUT1	MOVE	1	0	落位	B01:p55;A:出厂位	无新增消耗；核对本产品在制谱系	WORK_UNIT_COMPLETE;非质量PASS	源保持+目标预留+路线排他+全部MOVE角色/设备	确认稳定落位/摘钩后切换位置，释放源/路线/本段资源
READY	订单产品就绪门	MOVE-OUT	-	-	OUT1	-	0	0	全门满足	A:交付定义	无新增消耗；核对本产品在制谱系	READY	OUT1驻留+声明工作面+本阶段角色/设备	不释放OUT1；外部RECEIVED事件才释放
