file	line_at_c03_inventory	current_url	classification	planned_action	candidate_target_not_applied
PROGRESS_LOG.md	65	https://github.com/delongwangshu49-hub/adaptive-hrc-scheduling/actions/runs/36892452782	历史证据/旧实现参考	保留原定位/时点；改名后只核验重定向	https://github.com/delongwangshu49-hub/adaptive-hrc-scheduling/actions/runs/36892452782
PROGRESS_LOG.md	254	https://github.com/delongwangshu49-hub/adaptive-hrc-scheduling/commit/c2d76841758a87d2add110a3342206ba4b194aab	历史证据/旧实现参考	保留原定位/时点；改名后只核验重定向	https://github.com/delongwangshu49-hub/adaptive-hrc-scheduling/commit/c2d76841758a87d2add110a3342206ba4b194aab
PROGRESS_LOG.md	255	https://github.com/delongwangshu49-hub/adaptive-hrc-scheduling/tree/step-S00-r1	历史证据/旧实现参考	保留原定位/时点；改名后只核验重定向	https://github.com/delongwangshu49-hub/adaptive-hrc-scheduling/tree/step-S00-r1
PROGRESS_LOG.md	277	https://github.com/delongwangshu49-hub/adaptive-hrc-scheduling/commit/afb9770d5d7ba5e310d868ad3e933c3b8b524cac	历史证据/旧实现参考	保留原定位/时点；改名后只核验重定向	https://github.com/delongwangshu49-hub/adaptive-hrc-scheduling/commit/afb9770d5d7ba5e310d868ad3e933c3b8b524cac
PROGRESS_LOG.md	278	https://github.com/delongwangshu49-hub/adaptive-hrc-scheduling/tree/step-S00-r2	历史证据/旧实现参考	保留原定位/时点；改名后只核验重定向	https://github.com/delongwangshu49-hub/adaptive-hrc-scheduling/tree/step-S00-r2
PROGRESS_LOG.md	300	https://github.com/delongwangshu49-hub/adaptive-hrc-scheduling/commit/99dffd78a31c7931e70c559651b8fdd8633fdb20	历史证据/旧实现参考	保留原定位/时点；改名后只核验重定向	https://github.com/delongwangshu49-hub/adaptive-hrc-scheduling/commit/99dffd78a31c7931e70c559651b8fdd8633fdb20
PROGRESS_LOG.md	301	https://github.com/delongwangshu49-hub/adaptive-hrc-scheduling/tree/step-S01-r1	历史证据/旧实现参考	保留原定位/时点；改名后只核验重定向	https://github.com/delongwangshu49-hub/adaptive-hrc-scheduling/tree/step-S01-r1
PROGRESS_LOG.md	322	https://github.com/delongwangshu49-hub/adaptive-hrc-scheduling/commit/f94bf016f5b5457216bf4deeecd63417223ac419	历史证据/旧实现参考	保留原定位/时点；改名后只核验重定向	https://github.com/delongwangshu49-hub/adaptive-hrc-scheduling/commit/f94bf016f5b5457216bf4deeecd63417223ac419
PROGRESS_LOG.md	323	https://github.com/delongwangshu49-hub/adaptive-hrc-scheduling/tree/step-S01-r2	历史证据/旧实现参考	保留原定位/时点；改名后只核验重定向	https://github.com/delongwangshu49-hub/adaptive-hrc-scheduling/tree/step-S01-r2
PROGRESS_LOG.md	345	https://github.com/delongwangshu49-hub/adaptive-hrc-scheduling/commit/ba8c8532af937771fcecf8f2f89c38c2bcf05998	历史证据/旧实现参考	保留原定位/时点；改名后只核验重定向	https://github.com/delongwangshu49-hub/adaptive-hrc-scheduling/commit/ba8c8532af937771fcecf8f2f89c38c2bcf05998
PROGRESS_LOG.md	348	https://github.com/delongwangshu49-hub/adaptive-hrc-scheduling/actions/runs/36742427800	历史证据/旧实现参考	保留原定位/时点；改名后只核验重定向	https://github.com/delongwangshu49-hub/adaptive-hrc-scheduling/actions/runs/36742427800
PROGRESS_LOG.md	374	https://github.com/delongwangshu49-hub/adaptive-hrc-scheduling/commit/e005788dfa115ce1868bf9e0f21084c4679bf8f8	历史证据/旧实现参考	保留原定位/时点；改名后只核验重定向	https://github.com/delongwangshu49-hub/adaptive-hrc-scheduling/commit/e005788dfa115ce1868bf9e0f21084c4679bf8f8
PROGRESS_LOG.md	375	https://github.com/delongwangshu49-hub/adaptive-hrc-scheduling/tree/step-S03-r1	历史证据/旧实现参考	保留原定位/时点；改名后只核验重定向	https://github.com/delongwangshu49-hub/adaptive-hrc-scheduling/tree/step-S03-r1
PROGRESS_LOG.md	377	https://github.com/delongwangshu49-hub/adaptive-hrc-scheduling/actions/runs/36834194178	历史证据/旧实现参考	保留原定位/时点；改名后只核验重定向	https://github.com/delongwangshu49-hub/adaptive-hrc-scheduling/actions/runs/36834194178
PROGRESS_LOG.md	404	https://github.com/delongwangshu49-hub/adaptive-hrc-scheduling/commit/4541a94d50736fd4719640908651b58b3f765c76	历史证据/旧实现参考	保留原定位/时点；改名后只核验重定向	https://github.com/delongwangshu49-hub/adaptive-hrc-scheduling/commit/4541a94d50736fd4719640908651b58b3f765c76
PROGRESS_LOG.md	405	https://github.com/delongwangshu49-hub/adaptive-hrc-scheduling/tree/step-S03-r2	历史证据/旧实现参考	保留原定位/时点；改名后只核验重定向	https://github.com/delongwangshu49-hub/adaptive-hrc-scheduling/tree/step-S03-r2
PROGRESS_LOG.md	407	https://github.com/delongwangshu49-hub/adaptive-hrc-scheduling/actions/runs/36838657841	历史证据/旧实现参考	保留原定位/时点；改名后只核验重定向	https://github.com/delongwangshu49-hub/adaptive-hrc-scheduling/actions/runs/36838657841
PROGRESS_LOG.md	425	https://github.com/delongwangshu49-hub/adaptive-hrc-scheduling/commit/970192a797bae40299832d1b7c0c6e5415e069a5	历史证据/旧实现参考	保留原定位/时点；改名后只核验重定向	https://github.com/delongwangshu49-hub/adaptive-hrc-scheduling/commit/970192a797bae40299832d1b7c0c6e5415e069a5
PROGRESS_LOG.md	426	https://github.com/delongwangshu49-hub/adaptive-hrc-scheduling/tree/step-S04-r1	历史证据/旧实现参考	保留原定位/时点；改名后只核验重定向	https://github.com/delongwangshu49-hub/adaptive-hrc-scheduling/tree/step-S04-r1
PROGRESS_LOG.md	428	https://github.com/delongwangshu49-hub/adaptive-hrc-scheduling/actions/runs/36843981934	历史证据/旧实现参考	保留原定位/时点；改名后只核验重定向	https://github.com/delongwangshu49-hub/adaptive-hrc-scheduling/actions/runs/36843981934
PROGRESS_LOG.md	469	https://github.com/delongwangshu49-hub/adaptive-hrc-scheduling/commit/e0dd16405db3c3ccdab26b7fcd41377ee8ed204c	历史证据/旧实现参考	保留原定位/时点；改名后只核验重定向	https://github.com/delongwangshu49-hub/adaptive-hrc-scheduling/commit/e0dd16405db3c3ccdab26b7fcd41377ee8ed204c
PROGRESS_LOG.md	470	https://github.com/delongwangshu49-hub/adaptive-hrc-scheduling/tree/step-S05-r2	历史证据/旧实现参考	保留原定位/时点；改名后只核验重定向	https://github.com/delongwangshu49-hub/adaptive-hrc-scheduling/tree/step-S05-r2
PROGRESS_LOG.md	471	https://github.com/delongwangshu49-hub/adaptive-hrc-scheduling/actions/runs/36853439009	历史证据/旧实现参考	保留原定位/时点；改名后只核验重定向	https://github.com/delongwangshu49-hub/adaptive-hrc-scheduling/actions/runs/36853439009
PROGRESS_LOG.md	495	https://github.com/delongwangshu49-hub/adaptive-hrc-scheduling/actions/runs/36856189074	历史证据/旧实现参考	保留原定位/时点；改名后只核验重定向	https://github.com/delongwangshu49-hub/adaptive-hrc-scheduling/actions/runs/36856189074
PROGRESS_LOG.md	570	https://github.com/delongwangshu49-hub/adaptive-hrc-scheduling/actions/runs/36861770634	历史证据/旧实现参考	保留原定位/时点；改名后只核验重定向	https://github.com/delongwangshu49-hub/adaptive-hrc-scheduling/actions/runs/36861770634
PROGRESS_LOG.md	592	https://github.com/delongwangshu49-hub/adaptive-hrc-scheduling/actions/runs/36866747461	历史证据/旧实现参考	保留原定位/时点；改名后只核验重定向	https://github.com/delongwangshu49-hub/adaptive-hrc-scheduling/actions/runs/36866747461
PROGRESS_LOG.md	607	https://github.com/delongwangshu49-hub/adaptive-hrc-scheduling/actions/runs/36870877386	历史证据/旧实现参考	保留原定位/时点；改名后只核验重定向	https://github.com/delongwangshu49-hub/adaptive-hrc-scheduling/actions/runs/36870877386
PROGRESS_LOG.md	628	https://github.com/delongwangshu49-hub/adaptive-hrc-scheduling/actions/runs/36878033799	历史证据/旧实现参考	保留原定位/时点；改名后只核验重定向	https://github.com/delongwangshu49-hub/adaptive-hrc-scheduling/actions/runs/36878033799
PROGRESS_LOG.md	649	https://github.com/delongwangshu49-hub/adaptive-hrc-scheduling/actions/runs/36882114293	历史证据/旧实现参考	保留原定位/时点；改名后只核验重定向	https://github.com/delongwangshu49-hub/adaptive-hrc-scheduling/actions/runs/36882114293
PROGRESS_LOG.md	665	https://github.com/delongwangshu49-hub/adaptive-hrc-scheduling/actions/runs/36888469106	历史证据/旧实现参考	保留原定位/时点；改名后只核验重定向	https://github.com/delongwangshu49-hub/adaptive-hrc-scheduling/actions/runs/36888469106
docs/development.md	59	https://github.com/delongwangshu49-hub/adaptive-hrc-scheduling/actions/runs/36742427800	历史证据/旧实现参考	保留原定位/时点；改名后只核验重定向	https://github.com/delongwangshu49-hub/adaptive-hrc-scheduling/actions/runs/36742427800
docs/development.md	59	https://github.com/delongwangshu49-hub/adaptive-hrc-scheduling/actions/runs/36834194178	历史证据/旧实现参考	保留原定位/时点；改名后只核验重定向	https://github.com/delongwangshu49-hub/adaptive-hrc-scheduling/actions/runs/36834194178
docs/model/execution.md	26	https://github.com/delongwangshu49-hub/adaptive-hrc-scheduling/blob/step-S09-r2/docs/model/specification.md	历史证据/旧实现参考	保留原定位/时点；改名后只核验重定向	https://github.com/delongwangshu49-hub/adaptive-hrc-scheduling/blob/step-S09-r2/docs/model/specification.md
docs/model/specification.md	3	https://github.com/delongwangshu49-hub/adaptive-hrc-scheduling/blob/step-S09-r2/docs/model/specification.md	历史证据/旧实现参考	保留原定位/时点；改名后只核验重定向	https://github.com/delongwangshu49-hub/adaptive-hrc-scheduling/blob/step-S09-r2/docs/model/specification.md
docs/repository_migration.md	3	https://github.com/delongwangshu49-hub/adaptive-hrc-scheduling	现行仓库目标或迁移说明	名称候选已确认；实际快照及远端动作另批后才替换	https://github.com/delongwangshu49-hub/steel-module-adaptive-scheduling
docs/steps/C00-C02.md	29	https://github.com/delongwangshu49-hub/adaptive-hrc-scheduling	历史证据/旧实现参考	保留原定位/时点；改名后只核验重定向	https://github.com/delongwangshu49-hub/adaptive-hrc-scheduling
docs/steps/C03.md	35	https://github.com/delongwangshu49-hub/adaptive-hrc-scheduling	现行仓库目标或迁移说明	名称候选已确认；实际快照及远端动作另批后才替换	https://github.com/delongwangshu49-hub/steel-module-adaptive-scheduling
docs/steps/S00.md	5	https://github.com/delongwangshu49-hub/adaptive-hrc-scheduling/commit/afb9770d5d7ba5e310d868ad3e933c3b8b524cac	历史证据/旧实现参考	保留原定位/时点；改名后只核验重定向	https://github.com/delongwangshu49-hub/adaptive-hrc-scheduling/commit/afb9770d5d7ba5e310d868ad3e933c3b8b524cac
docs/steps/S00.md	5	https://github.com/delongwangshu49-hub/adaptive-hrc-scheduling/tree/step-S00-r2	历史证据/旧实现参考	保留原定位/时点；改名后只核验重定向	https://github.com/delongwangshu49-hub/adaptive-hrc-scheduling/tree/step-S00-r2
docs/steps/S00.md	28	https://github.com/delongwangshu49-hub/adaptive-hrc-scheduling/commit/c2d76841758a87d2add110a3342206ba4b194aab	历史证据/旧实现参考	保留原定位/时点；改名后只核验重定向	https://github.com/delongwangshu49-hub/adaptive-hrc-scheduling/commit/c2d76841758a87d2add110a3342206ba4b194aab
docs/steps/S00.md	28	https://github.com/delongwangshu49-hub/adaptive-hrc-scheduling/tree/step-S00-r1	历史证据/旧实现参考	保留原定位/时点；改名后只核验重定向	https://github.com/delongwangshu49-hub/adaptive-hrc-scheduling/tree/step-S00-r1
docs/steps/S01.md	5	https://github.com/delongwangshu49-hub/adaptive-hrc-scheduling/commit/f94bf016f5b5457216bf4deeecd63417223ac419	历史证据/旧实现参考	保留原定位/时点；改名后只核验重定向	https://github.com/delongwangshu49-hub/adaptive-hrc-scheduling/commit/f94bf016f5b5457216bf4deeecd63417223ac419
docs/steps/S01.md	5	https://github.com/delongwangshu49-hub/adaptive-hrc-scheduling/tree/step-S01-r2	历史证据/旧实现参考	保留原定位/时点；改名后只核验重定向	https://github.com/delongwangshu49-hub/adaptive-hrc-scheduling/tree/step-S01-r2
docs/steps/S01.md	27	https://github.com/delongwangshu49-hub/adaptive-hrc-scheduling/commit/99dffd78a31c7931e70c559651b8fdd8633fdb20	历史证据/旧实现参考	保留原定位/时点；改名后只核验重定向	https://github.com/delongwangshu49-hub/adaptive-hrc-scheduling/commit/99dffd78a31c7931e70c559651b8fdd8633fdb20
docs/steps/S01.md	27	https://github.com/delongwangshu49-hub/adaptive-hrc-scheduling/tree/step-S01-r1	历史证据/旧实现参考	保留原定位/时点；改名后只核验重定向	https://github.com/delongwangshu49-hub/adaptive-hrc-scheduling/tree/step-S01-r1
docs/steps/S01.md	48	https://github.com/delongwangshu49-hub/adaptive-hrc-scheduling	历史证据/旧实现参考	保留原定位/时点；改名后只核验重定向	https://github.com/delongwangshu49-hub/adaptive-hrc-scheduling
docs/steps/S01.md	73	https://github.com/delongwangshu49-hub/adaptive-hrc-scheduling	历史证据/旧实现参考	保留原定位/时点；改名后只核验重定向	https://github.com/delongwangshu49-hub/adaptive-hrc-scheduling
docs/steps/S01.md	150	https://github.com/delongwangshu49-hub/adaptive-hrc-scheduling	历史证据/旧实现参考	保留原定位/时点；改名后只核验重定向	https://github.com/delongwangshu49-hub/adaptive-hrc-scheduling
docs/steps/S01.md	182	https://github.com/delongwangshu49-hub/adaptive-hrc-scheduling	历史证据/旧实现参考	保留原定位/时点；改名后只核验重定向	https://github.com/delongwangshu49-hub/adaptive-hrc-scheduling
docs/steps/S02.md	63	https://github.com/delongwangshu49-hub/adaptive-hrc-scheduling	历史证据/旧实现参考	保留原定位/时点；改名后只核验重定向	https://github.com/delongwangshu49-hub/adaptive-hrc-scheduling
docs/steps/S02.md	93	https://github.com/delongwangshu49-hub/adaptive-hrc-scheduling	历史证据/旧实现参考	保留原定位/时点；改名后只核验重定向	https://github.com/delongwangshu49-hub/adaptive-hrc-scheduling
docs/steps/S02.md	114	https://github.com/delongwangshu49-hub/adaptive-hrc-scheduling/actions/runs/36742427800	历史证据/旧实现参考	保留原定位/时点；改名后只核验重定向	https://github.com/delongwangshu49-hub/adaptive-hrc-scheduling/actions/runs/36742427800
docs/steps/S03.md	59	https://github.com/delongwangshu49-hub/adaptive-hrc-scheduling	历史证据/旧实现参考	保留原定位/时点；改名后只核验重定向	https://github.com/delongwangshu49-hub/adaptive-hrc-scheduling
docs/steps/S03.md	89	https://github.com/delongwangshu49-hub/adaptive-hrc-scheduling	历史证据/旧实现参考	保留原定位/时点；改名后只核验重定向	https://github.com/delongwangshu49-hub/adaptive-hrc-scheduling
docs/steps/S04.md	54	https://github.com/delongwangshu49-hub/adaptive-hrc-scheduling	历史证据/旧实现参考	保留原定位/时点；改名后只核验重定向	https://github.com/delongwangshu49-hub/adaptive-hrc-scheduling
docs/steps/S04.md	84	https://github.com/delongwangshu49-hub/adaptive-hrc-scheduling	历史证据/旧实现参考	保留原定位/时点；改名后只核验重定向	https://github.com/delongwangshu49-hub/adaptive-hrc-scheduling
docs/steps/S05.md	51	https://github.com/delongwangshu49-hub/adaptive-hrc-scheduling	历史证据/旧实现参考	保留原定位/时点；改名后只核验重定向	https://github.com/delongwangshu49-hub/adaptive-hrc-scheduling
docs/steps/S05.md	74	https://github.com/delongwangshu49-hub/adaptive-hrc-scheduling	历史证据/旧实现参考	保留原定位/时点；改名后只核验重定向	https://github.com/delongwangshu49-hub/adaptive-hrc-scheduling
docs/steps/S06.md	73	https://github.com/delongwangshu49-hub/adaptive-hrc-scheduling	历史证据/旧实现参考	保留原定位/时点；改名后只核验重定向	https://github.com/delongwangshu49-hub/adaptive-hrc-scheduling
docs/steps/S06.md	95	https://github.com/delongwangshu49-hub/adaptive-hrc-scheduling	历史证据/旧实现参考	保留原定位/时点；改名后只核验重定向	https://github.com/delongwangshu49-hub/adaptive-hrc-scheduling
docs/steps/S07.md	46	https://github.com/delongwangshu49-hub/adaptive-hrc-scheduling	历史证据/旧实现参考	保留原定位/时点；改名后只核验重定向	https://github.com/delongwangshu49-hub/adaptive-hrc-scheduling
docs/steps/S07.md	68	https://github.com/delongwangshu49-hub/adaptive-hrc-scheduling	历史证据/旧实现参考	保留原定位/时点；改名后只核验重定向	https://github.com/delongwangshu49-hub/adaptive-hrc-scheduling
docs/steps/S08.md	38	https://github.com/delongwangshu49-hub/adaptive-hrc-scheduling	历史证据/旧实现参考	保留原定位/时点；改名后只核验重定向	https://github.com/delongwangshu49-hub/adaptive-hrc-scheduling
docs/steps/S08.md	60	https://github.com/delongwangshu49-hub/adaptive-hrc-scheduling	历史证据/旧实现参考	保留原定位/时点；改名后只核验重定向	https://github.com/delongwangshu49-hub/adaptive-hrc-scheduling
docs/steps/S08.md	124	https://github.com/delongwangshu49-hub/adaptive-hrc-scheduling	历史证据/旧实现参考	保留原定位/时点；改名后只核验重定向	https://github.com/delongwangshu49-hub/adaptive-hrc-scheduling
docs/steps/S08.md	146	https://github.com/delongwangshu49-hub/adaptive-hrc-scheduling	历史证据/旧实现参考	保留原定位/时点；改名后只核验重定向	https://github.com/delongwangshu49-hub/adaptive-hrc-scheduling
docs/steps/S09.md	91	https://github.com/delongwangshu49-hub/adaptive-hrc-scheduling	历史证据/旧实现参考	保留原定位/时点；改名后只核验重定向	https://github.com/delongwangshu49-hub/adaptive-hrc-scheduling
docs/steps/S09.md	113	https://github.com/delongwangshu49-hub/adaptive-hrc-scheduling	历史证据/旧实现参考	保留原定位/时点；改名后只核验重定向	https://github.com/delongwangshu49-hub/adaptive-hrc-scheduling
